prefix	Y	no	no	1e24		.
prefix	Z	no	no	1e21		.
prefix	E	no	no	1e18		.
prefix	P	no	no	1e15		.
prefix	T	no	no	1e12		.
prefix	G	no	no	1e9		.
prefix	M	no	no	1e6		.
prefix	k	no	no	1e3		.
prefix	h	no	no	1e2		.
prefix	da	no	no	1e1		.
prefix	d	no	no	1e-1		.
prefix	c	no	no	1e-2		.
prefix	m	no	no	1e-3		.
prefix	u	no	no	1e-6		.
prefix	n	no	no	1e-9		.
prefix	p	no	no	1e-12		.
prefix	f	no	no	1e-15		.
prefix	a	no	no	1e-18		.
prefix	z	no	no	1e-21		.
prefix	y	no	no	1e-24		.
base-unit	m	yes	no			.
base-unit	s	yes	no			.
base-unit	g	yes	no			.
base-unit	rad	yes	no			.
base-unit	K	yes	no			.
base-unit	C	yes	no			.
base-unit	cd	yes	no			.
unit	10*	no	no	10	1	.
unit	10^	no	no	10	1	.
unit	[pi]	no	no	3.1415926535897932384626433832795028841971693993751058209749445923	1	.
unit	%	no	no	1	10*-2	.
unit	[ppth]	no	no	1	10*-3	.
unit	[ppm]	no	no	1	10*-6	.
unit	[ppb]	no	no	1	10*-9	.
unit	[pptr]	no	no	1	10*-12	.
unit	mol	yes	no	6.0221367	10*23	.
unit	sr	yes	no	1	rad2	.
unit	Hz	yes	no	1	s-1	.
unit	N	yes	no	1	kg.m/s2	.
unit	Pa	yes	no	1	N/m2	.
unit	J	yes	no	1	N.m	.
unit	W	yes	no	1	J/s	.
unit	A	yes	no	1	C/s	.
unit	V	yes	no	1	J/C	.
unit	F	yes	no	1	C/V	.
unit	Ohm	yes	no	1	V/A	.
unit	S	yes	no	1	Ohm-1	.
unit	Wb	yes	no	1	V.s	.
unit	Cel	yes	yes		cel(1 K)	.
unit	T	yes	no	1	Wb/m2	.
unit	H	yes	no	1	Wb/A	.
unit	lm	yes	no	1	cd.sr	.
unit	lx	yes	no	1	lm/m2	.
unit	Bq	yes	no	1	s-1	.
unit	Gy	yes	no	1	J/kg	.
unit	Sv	yes	no	1	J/kg	.
unit	gon	no	no	0.9	deg	.
unit	deg	no	no	2	[pi].rad/360	.
unit	'	no	no	1	deg/60	.
unit	''	no	no	1	'/60	.
unit	l	yes	no	1	dm3	.
unit	L	yes	no	1	l	.
unit	ar	yes	no	100	m2	.
unit	min	no	no	60	s	.
unit	h	no	no	60	min	.
unit	d	no	no	24	h	.
unit	a_t	no	no	365.24219	d	.
unit	a_j	no	no	365.25	d	.
unit	a_g	no	no	365.2425	d	.
unit	a	no	no	1	a_j	.
unit	wk	no	no	7	d	.
unit	mo_s	no	no	29.53059	d	.
unit	mo_j	no	no	1	a_j/12	.
unit	mo_g	no	no	1	a_g/12	.
unit	mo	no	no	1	mo_j	.
unit	t	yes	no	1e3	kg	.
unit	bar	yes	no	1e5	Pa	.
unit	u	yes	no	1.6605402e-24	g	.
unit	eV	yes	no	1	[e].V	.
unit	AU	no	no	149597.870691	Mm	.
unit	pc	yes	no	3.085678e16	m	.
unit	[c]	yes	no	299792458	m/s	.
unit	[h]	yes	no	6.6260755e-34	J.s	.
unit	[k]	yes	no	1.380658e-23	J/K	.
unit	[eps_0]	yes	no	8.854187817e-12	F/m	.
unit	[mu_0]	yes	no	1	4.[pi].10*-7.N/A2	.
unit	[e]	yes	no	1.60217733e-19	C	.
unit	[m_e]	yes	no	9.1093897e-28	g	.
unit	[m_p]	yes	no	1.6726231e-24	g	.
unit	[G]	yes	no	6.67259e-11	m3.kg-1.s-2	.
unit	[g]	yes	no	980665e-5	m/s2	.
unit	atm	no	no	101325	Pa	.
unit	[ly]	yes	no	1	[c].a_j	.
unit	gf	yes	no	1	g.[g]	.
unit	[lbf_av]	no	no	1	[lb_av].[g]	.
unit	Ky	yes	no	1	cm-1	.
unit	Gal	yes	no	1	cm/s2	.
unit	dyn	yes	no	1	g.cm/s2	.
unit	erg	yes	no	1	dyn.cm	.
unit	P	yes	no	1	dyn.s/cm2	.
unit	Bi	yes	no	10	A	.
unit	St	yes	no	1	cm2/s	.
unit	Mx	yes	no	1e-8	Wb	.
unit	G	yes	no	1e-4	T	.
unit	Oe	yes	no	250	/[pi].A/m	.
unit	Gb	yes	no	1	Oe.cm	.
unit	sb	yes	no	1	cd/cm2	.
unit	Lmb	yes	no	1	cd/cm2/[pi]	.
unit	ph	yes	no	1e-4	lx	.
unit	Ci	yes	no	37e9	Bq	.
unit	R	yes	no	2.58e-4	C/kg	.
unit	RAD	yes	no	100	erg/g	.
unit	REM	yes	no	1	RAD	.
unit	[in_i]	no	no	254e-2	cm	.
unit	[ft_i]	no	no	12	[in_i]	.
unit	[yd_i]	no	no	3	[ft_i]	.
unit	[mi_i]	no	no	5280	[ft_i]	.
unit	[fth_i]	no	no	6	[ft_i]	.
unit	[nmi_i]	no	no	1852	m	.
unit	[kn_i]	no	no	1	[nmi_i]/h	.
unit	[sin_i]	no	no	1	[in_i]2	.
unit	[sft_i]	no	no	1	[ft_i]2	.
unit	[syd_i]	no	no	1	[yd_i]2	.
unit	[cin_i]	no	no	1	[in_i]3	.
unit	[cft_i]	no	no	1	[ft_i]3	.
unit	[cyd_i]	no	no	1	[yd_i]3	.
unit	[bf_i]	no	no	144	[in_i]3	.
unit	[cr_i]	no	no	128	[ft_i]3	.
unit	[mil_i]	no	no	1e-3	[in_i]	.
unit	[cml_i]	no	no	1	[pi]/4.[mil_i]2	.
unit	[hd_i]	no	no	4	[in_i]	.
unit	[ft_us]	no	no	1200	m/3937	.
unit	[yd_us]	no	no	3	[ft_us]	.
unit	[in_us]	no	no	1	[ft_us]/12	.
unit	[rd_us]	no	no	16.5	[ft_us]	.
unit	[ch_us]	no	no	4	[rd_us]	.
unit	[lk_us]	no	no	1	[ch_us]/100	.
unit	[rch_us]	no	no	100	[ft_us]	.
unit	[rlk_us]	no	no	1	[rch_us]/100	.
unit	[fth_us]	no	no	6	[ft_us]	.
unit	[fur_us]	no	no	40	[rd_us]	.
unit	[mi_us]	no	no	8	[fur_us]	.
unit	[acr_us]	no	no	160	[rd_us]2	.
unit	[srd_us]	no	no	1	[rd_us]2	.
unit	[smi_us]	no	no	1	[mi_us]2	.
unit	[sct]	no	no	1	[mi_us]2	.
unit	[twp]	no	no	36	[sct]	.
unit	[mil_us]	no	no	1e-3	[in_us]	.
unit	[in_br]	no	no	2.539998	cm	.
unit	[ft_br]	no	no	12	[in_br]	.
unit	[rd_br]	no	no	16.5	[ft_br]	.
unit	[ch_br]	no	no	4	[rd_br]	.
unit	[lk_br]	no	no	1	[ch_br]/100	.
unit	[fth_br]	no	no	6	[ft_br]	.
unit	[pc_br]	no	no	2.5	[ft_br]	.
unit	[yd_br]	no	no	3	[ft_br]	.
unit	[mi_br]	no	no	5280	[ft_br]	.
unit	[nmi_br]	no	no	6080	[ft_br]	.
unit	[kn_br]	no	no	1	[nmi_br]/h	.
unit	[acr_br]	no	no	4840	[yd_br]2	.
unit	[gal_us]	no	no	231	[in_i]3	.
unit	[bbl_us]	no	no	42	[gal_us]	.
unit	[qt_us]	no	no	1	[gal_us]/4	.
unit	[pt_us]	no	no	1	[qt_us]/2	.
unit	[gil_us]	no	no	1	[pt_us]/4	.
unit	[foz_us]	no	no	1	[gil_us]/4	.
unit	[fdr_us]	no	no	1	[foz_us]/8	.
unit	[min_us]	no	no	1	[fdr_us]/60	.
unit	[crd_us]	no	no	128	[ft_i]3	.
unit	[bu_us]	no	no	2150.42	[in_i]3	.
unit	[gal_wi]	no	no	1	[bu_us]/8	.
unit	[pk_us]	no	no	1	[bu_us]/4	.
unit	[dqt_us]	no	no	1	[pk_us]/8	.
unit	[dpt_us]	no	no	1	[dqt_us]/2	.
unit	[tbs_us]	no	no	1	[foz_us]/2	.
unit	[tsp_us]	no	no	1	[tbs_us]/3	.
unit	[cup_us]	no	no	16	[tbs_us]	.
unit	[foz_m]	no	no	30	mL	.
unit	[cup_m]	no	no	240	mL	.
unit	[tsp_m]	no	no	5	mL	.
unit	[tbs_m]	no	no	15	mL	.
unit	[gal_br]	no	no	4.54609	l	.
unit	[pk_br]	no	no	2	[gal_br]	.
unit	[bu_br]	no	no	4	[pk_br]	.
unit	[qt_br]	no	no	1	[gal_br]/4	.
unit	[pt_br]	no	no	1	[qt_br]/2	.
unit	[gil_br]	no	no	1	[pt_br]/4	.
unit	[foz_br]	no	no	1	[gil_br]/5	.
unit	[fdr_br]	no	no	1	[foz_br]/8	.
unit	[min_br]	no	no	1	[fdr_br]/60	.
unit	[gr]	no	no	64.79891	mg	.
unit	[lb_av]	no	no	7000	[gr]	.
unit	[oz_av]	no	no	1	[lb_av]/16	.
unit	[dr_av]	no	no	1	[oz_av]/16	.
unit	[scwt_av]	no	no	100	[lb_av]	.
unit	[lcwt_av]	no	no	112	[lb_av]	.
unit	[ston_av]	no	no	20	[scwt_av]	.
unit	[lton_av]	no	no	20	[lcwt_av]	.
unit	[stone_av]	no	no	14	[lb_av]	.
unit	[pwt_tr]	no	no	24	[gr]	.
unit	[oz_tr]	no	no	20	[pwt_tr]	.
unit	[lb_tr]	no	no	12	[oz_tr]	.
unit	[sc_ap]	no	no	20	[gr]	.
unit	[dr_ap]	no	no	3	[sc_ap]	.
unit	[oz_ap]	no	no	8	[dr_ap]	.
unit	[lb_ap]	no	no	12	[oz_ap]	.
unit	[oz_m]	no	no	28	g	.
unit	[lne]	no	no	1	[in_i]/12	.
unit	[pnt]	no	no	1	[lne]/6	.
unit	[pca]	no	no	12	[pnt]	.
unit	[pnt_pr]	no	no	0.013837	[in_i]	.
unit	[pca_pr]	no	no	12	[pnt_pr]	.
unit	[pied]	no	no	32.48	cm	.
unit	[pouce]	no	no	1	[pied]/12	.
unit	[ligne]	no	no	1	[pouce]/12	.
unit	[didot]	no	no	1	[ligne]/6	.
unit	[cicero]	no	no	12	[didot]	.
unit	[degF]	no	yes		degf(5 K/9)	.
unit	[degR]	no	no	5	K/9	.
unit	[degRe]	no	yes		degre(5 K/4)	.
unit	cal_[15]	yes	no	4.18580	J	.
unit	cal_[20]	yes	no	4.18190	J	.
unit	cal_m	yes	no	4.19002	J	.
unit	cal_IT	yes	no	4.1868	J	.
unit	cal_th	yes	no	4.184	J	.
unit	cal	yes	no	1	cal_th	.
unit	[Cal]	no	no	1	kcal_th	.
unit	[Btu_39]	no	no	1.05967	kJ	.
unit	[Btu_59]	no	no	1.05480	kJ	.
unit	[Btu_60]	no	no	1.05468	kJ	.
unit	[Btu_m]	no	no	1.05587	kJ	.
unit	[Btu_IT]	no	no	1.05505585262	kJ	.
unit	[Btu_th]	no	no	1.054350	kJ	.
unit	[Btu]	no	no	1	[Btu_th]	.
unit	[HP]	no	no	550	[ft_i].[lbf_av]/s	.
unit	tex	yes	no	1	g/km	.
unit	[den]	no	no	1	g/9/km	.
unit	m[H2O]	yes	no	980665e-5	kPa	.
unit	m[Hg]	yes	no	133.3220	kPa	.
unit	[in_i'H2O]	no	no	1	m[H2O].[in_i]/m	.
unit	[in_i'Hg]	no	no	1	m[Hg].[in_i]/m	.
unit	[PRU]	no	no	1	mm[Hg].s/ml	.
unit	[wood'U]	no	no	1	mm[Hg].min/L	.
unit	[diop]	no	no	1	/m	.
unit	[p'diop]	no	yes		100tan(1 rad)	.
unit	%[slope]	no	yes		100tan(1 rad)	.
unit	[mesh_i]	no	no	1	/[in_i]	.
unit	[Ch]	no	no	1	mm/3	.
unit	[drp]	no	no	1	ml/20	.
unit	[hnsf'U]	no	no	1	1	.
unit	[MET]	no	no	3.5	mL/min/kg	.
unit	[hp'_X]	no	yes		hpX(1 1)	.
unit	[hp'_C]	no	yes		hpC(1 1)	.
unit	[hp'_M]	no	yes		hpM(1 1)	.
unit	[hp'_Q]	no	yes		hpQ(1 1)	.
unit	[hp_X]	no	no	1	1	.
unit	[hp_C]	no	no	1	1	.
unit	[hp_M]	no	no	1	1	.
unit	[hp_Q]	no	no	1	1	.
unit	[kp_X]	no	no	1	1	.
unit	[kp_C]	no	no	1	1	.
unit	[kp_M]	no	no	1	1	.
unit	[kp_Q]	no	no	1	1	.
unit	eq	yes	no	1	mol	.
unit	osm	yes	no	1	mol	.
unit	[pH]	no	yes		pH(1 mol/l)	.
unit	g%	yes	no	1	g/dl	.
unit	[S]	no	no	1	10*-13.s	.
unit	[HPF]	no	no	1	1	.
unit	[LPF]	no	no	100	1	.
unit	kat	yes	no	1	mol/s	.
unit	U	yes	no	1	umol/min	.
unit	[iU]	yes	no	1	1	.
unit	[IU]	yes	no	1	[iU]	.
unit	[arb'U]	no	no	1	1	.
unit	[USP'U]	no	no	1	1	.
unit	[GPL'U]	no	no	1	1	.
unit	[MPL'U]	no	no	1	1	.
unit	[APL'U]	no	no	1	1	.
unit	[beth'U]	no	no	1	1	.
unit	[anti'Xa'U]	no	no	1	1	.
unit	[todd'U]	no	no	1	1	.
unit	[dye'U]	no	no	1	1	.
unit	[smgy'U]	no	no	1	1	.
unit	[bdsk'U]	no	no	1	1	.
unit	[ka'U]	no	no	1	1	.
unit	[knk'U]	no	no	1	1	.
unit	[mclg'U]	no	no	1	1	.
unit	[tb'U]	no	no	1	1	.
unit	[CCID_50]	no	no	1	1	.
unit	[TCID_50]	no	no	1	1	.
unit	[EID_50]	no	no	1	1	.
unit	[PFU]	no	no	1	1	.
unit	[FFU]	no	no	1	1	.
unit	[CFU]	no	no	1	1	.
unit	[IR]	no	no	1	1	.
unit	[BAU]	no	no	1	1	.
unit	[AU]	no	no	1	1	.
unit	[Amb'a'1'U]	no	no	1	1	.
unit	[PNU]	no	no	1	1	.
unit	[Lf]	no	no	1	1	.
unit	[D'ag'U]	no	no	1	1	.
unit	[FEU]	no	no	1	1	.
unit	[ELU]	no	no	1	1	.
unit	[EU]	no	no	1	1	.
unit	Np	yes	yes		ln(1 1)	.
unit	B	yes	yes		lg(1 1)	.
unit	B[SPL]	yes	yes		2lg(2 10*-5.Pa)	.
unit	B[V]	yes	yes		2lg(1 V)	.
unit	B[mV]	yes	yes		2lg(1 mV)	.
unit	B[uV]	yes	yes		2lg(1 uV)	.
unit	B[10.nV]	yes	yes		2lg(10 nV)	.
unit	B[W]	yes	yes		lg(1 W)	.
unit	B[kW]	yes	yes		lg(1 kW)	.
unit	st	yes	no	1	m3	.
unit	Ao	no	no	0.1	nm	.
unit	b	no	no	100	fm2	.
unit	att	no	no	1	kgf/cm2	.
unit	mho	yes	no	1	S	.
unit	[psi]	no	no	1	[lbf_av]/[in_i]2	.
unit	circ	no	no	2	[pi].rad	.
unit	sph	no	no	4	[pi].sr	.
unit	[car_m]	no	no	2e-1	g	.
unit	[car_Au]	no	no	1	/24	.
unit	[smoot]	no	no	67	[in_i]	.
unit	[m/s2/Hz^(1/2)]	no	yes		sqrt(1 m2/s4/Hz)	.
unit	bit_s	no	yes		ld(1 1)	.
unit	bit	yes	no	1	1	.
unit	By	yes	no	8	bit	.
unit	Bd	yes	no	1	/s	.
prefix	Ki	no	no	1024		.
prefix	Mi	no	no	1048576		.
prefix	Gi	no	no	1073741824		.
prefix	Ti	no	no	1099511627776		.
